USE CentricaTest

--ADDRESS
insert into [Address] (ID, PostalCode, Country, City, Street, StreetNumber, [Floor]) values ('46bcd840-50d0-4c55-9d5c-6b9bc6fbe137', null, 'China', 'Heqing', 'Oak', '5', 1);
insert into [Address] (ID, PostalCode, Country, City, Street, StreetNumber, [Floor]) values ('675fd173-765d-4249-a77a-216af399f68a', null, 'Suriname', 'Paramaribo', 'Eagan', '41', 2);
insert into [Address] (ID, PostalCode, Country, City, Street, StreetNumber, [Floor]) values ('11bf1a10-2fb7-4a67-a451-b70a2ddcadd2', '95880-000', 'Brazil', 'Estrela', 'Ridgeway', '832', 3);
insert into [Address] (ID, PostalCode, Country, City, Street, StreetNumber, [Floor]) values ('79422fa2-2efe-493d-9571-7b283c0a9742', null, 'Peru', 'Tisco', 'South', '1268', 4);
insert into [Address] (ID, PostalCode, Country, City, Street, StreetNumber, [Floor]) values ('54376cfc-f225-4468-bb21-adc00b68ce35', '10200', 'Sri Lanka', 'Homagama', 'Jay', '90094', 5);
insert into [Address] (ID, PostalCode, Country, City, Street, StreetNumber, [Floor]) values ('cace56d8-6ce0-45f0-aa08-0da11e55fb75', '666811', 'Russia', 'Mama', 'Stoughton', '9881', 6);
insert into [Address] (ID, PostalCode, Country, City, Street, StreetNumber, [Floor]) values ('51eee554-f603-4fc2-bef3-0c44983446d1', '10411', 'Dominican Republic', 'Río Grande', 'Laurel', '0', 7);
insert into [Address] (ID, PostalCode, Country, City, Street, StreetNumber, [Floor]) values ('3e9c93bf-667f-4d0a-926b-9f8d2ded30c6', '22110', 'Thailand', 'Khlung', 'Cambridge', '232', 8);
insert into [Address] (ID, PostalCode, Country, City, Street, StreetNumber, [Floor]) values ('53ff3d13-a43d-4a24-b1ff-693d93d91a19', null, 'Cuba', 'Guanajay', 'Rigney', '23974', 9);
insert into [Address] (ID, PostalCode, Country, City, Street, StreetNumber, [Floor]) values ('dd9fb0a1-da90-4e5b-9f0b-0251566ee8fe', null, 'China', 'Huangjinbu', 'Weeping Birch', '9', 10);

--Salesman
insert into Salesman (ID, SSN, FirstName, LastName, Salary, Email, BirthDate, AddressID) values ('dd82b17c-e5eb-4a87-bdab-fc9cd5c56346', '720-20-2746', 'Bard', 'Bernetti', 30722.21, 'bbernetti0@elpais.com', '2019-12-16T16:16:38Z', '46bcd840-50d0-4c55-9d5c-6b9bc6fbe137');
insert into Salesman (ID, SSN, FirstName, LastName, Salary, Email, BirthDate, AddressID) values ('3e2ef63b-fed3-4be7-9fe6-e4f692dd244f', '894-32-0295', 'Zaria', 'Filippucci', 48170.97, 'zfilippucci1@tamu.edu', '2020-07-27T02:00:46Z', '675fd173-765d-4249-a77a-216af399f68a');
insert into Salesman (ID, SSN, FirstName, LastName, Salary, Email, BirthDate, AddressID) values ('ce5af844-53d9-4ee8-a1e8-cfd77a4d8467', '457-02-7666', 'Trula', 'Hannabus', 45991.45, 'thannabus2@booking.com', '2020-08-10T04:03:58Z', '11bf1a10-2fb7-4a67-a451-b70a2ddcadd2');
insert into Salesman (ID, SSN, FirstName, LastName, Salary, Email, BirthDate, AddressID) values ('eeda4af7-5421-4926-9552-cb68a1b1f826', '539-09-7836', 'Barnie', 'Houlridge', 26031.95, 'bhoulridge3@dyndns.org', '2020-03-18T07:41:10Z', '79422fa2-2efe-493d-9571-7b283c0a9742');
insert into Salesman (ID, SSN, FirstName, LastName, Salary, Email, BirthDate, AddressID) values ('3a17f6c2-3523-4c4b-bb83-eb6c6f0c076f', '370-12-7179', 'Gay', 'Haycraft', 51070.63, 'ghaycraft4@people.com.cn', '2019-12-26T05:18:30Z', '54376cfc-f225-4468-bb21-adc00b68ce35');

--District
insert into District (ID, [Number], [Name]) values ('5dcd2c5a-d895-4780-a76a-d777bedd65e9', 1, 'Gabbi');
insert into District (ID, [Number], [Name]) values ('63ebfd46-b94d-4067-8c93-2c16fec7e183', 2, 'Stephannie');
insert into District (ID, [Number], [Name]) values ('59b62ba8-b324-4874-a898-adf2dbe402da', 3, 'Goldia');
insert into District (ID, [Number], [Name]) values ('d73a874c-fea9-472f-9c17-9acd73f04769', 4, 'Lexine');

--SalesmanDistrict
insert into SalesmanDistrict (SalesmanID, DistrictID, IsPrimary) values ('dd82b17c-e5eb-4a87-bdab-fc9cd5c56346', '5dcd2c5a-d895-4780-a76a-d777bedd65e9', 0);
insert into SalesmanDistrict (SalesmanID, DistrictID, IsPrimary) values ('3e2ef63b-fed3-4be7-9fe6-e4f692dd244f', '5dcd2c5a-d895-4780-a76a-d777bedd65e9', 1);
insert into SalesmanDistrict (SalesmanID, DistrictID, IsPrimary) values ('ce5af844-53d9-4ee8-a1e8-cfd77a4d8467', '63ebfd46-b94d-4067-8c93-2c16fec7e183', 0);
insert into SalesmanDistrict (SalesmanID, DistrictID, IsPrimary) values ('eeda4af7-5421-4926-9552-cb68a1b1f826', '59b62ba8-b324-4874-a898-adf2dbe402da', 1);
insert into SalesmanDistrict (SalesmanID, DistrictID, IsPrimary) values ('3a17f6c2-3523-4c4b-bb83-eb6c6f0c076f', 'd73a874c-fea9-472f-9c17-9acd73f04769', 0);

--Product
insert into Product (ID, Number, [Name], Stock, [Description], [Type], Height, Width, Depth, MeassureUnit, [Weight], WeightUnit) values ('b71c7a7a-f17c-4a46-b5f9-28323a202d3b', '0228-3501', 'Crawfish', 407, 'cras non velit nec nisi vulputate nonummy maecenas tincidunt lacus at velit vivamus vel nulla eget eros', 'ut suscipit a feugiat et eros vestibulum', 39, 56, 12, 'MiliMeter', 18, 'KiloGram');
insert into Product (ID, Number, [Name], Stock, [Description], [Type], Height, Width, Depth, MeassureUnit, [Weight], WeightUnit) values ('819ded7a-8e8d-4f3f-bc8e-819fe200c743', '75904-3343', 'Appetizer - Crab And Brie', 350, 'risus dapibus augue vel accumsan tellus nisi eu orci mauris lacinia sapien quis libero nullam sit amet turpis elementum ligula vehicula consequat morbi a ipsum integer a nibh in quis justo maecenas rhoncus aliquam lacus morbi quis tortor id nulla ultrices aliquet maecenas leo odio condimentum id luctus nec molestie sed justo pellentesque viverra pede ac diam cras pellentesque volutpat dui maecenas tristique est et tempus semper est quam', 'mi sit amet lobortis sapien sapien non mi integer ac neque duis', 55, 2, 90, 'Centimeter', 92, 'Kilogram');
insert into Product (ID, Number, [Name], Stock, [Description], [Type], Height, Width, Depth, MeassureUnit, [Weight], WeightUnit) values ('18c67343-77e8-425e-8e00-247484891b55', '42507-720', 'Pasta - Detalini, White, Fresh', 119, 'lacinia nisi venenatis tristique fusce congue diam id ornare imperdiet sapien urna pretium nisl ut volutpat sapien arcu sed augue aliquam erat volutpat in congue etiam justo etiam pretium iaculis justo in hac habitasse platea dictumst etiam faucibus cursus urna ut tellus nulla ut erat id mauris vulputate elementum nullam varius nulla facilisi cras non velit nec nisi vulputate nonummy maecenas tincidunt lacus at velit vivamus vel nulla eget eros elementum pellentesque quisque porta volutpat erat quisque erat eros viverra eget congue eget semper rutrum nulla nunc purus phasellus in felis donec semper sapien a libero nam', 'tristique est et tempus semper est quam pharetra magna ac consequat metus sapien ut nunc vestibulum ante ipsum primis in', 32, 84, 77, 'Light year', 86, 'Ton');
insert into Product (ID, Number, [Name], Stock, [Description], [Type], Height, Width, Depth, MeassureUnit, [Weight], WeightUnit) values ('0ad36504-f0bf-4e69-9672-f6ec20c7bbd2', '57664-217', 'Coffee - Dark Roast', 294, 'potenti in eleifend quam a odio in hac habitasse platea dictumst maecenas ut massa quis augue luctus tincidunt nulla mollis molestie lorem quisque ut erat curabitur gravida nisi at nibh in hac habitasse platea dictumst aliquam augue quam sollicitudin vitae consectetuer eget rutrum at lorem integer tincidunt ante vel ipsum praesent blandit lacinia erat vestibulum sed magna at nunc commodo placerat praesent blandit nam nulla integer pede justo lacinia eget tincidunt eget tempus vel pede morbi porttitor lorem id ligula suspendisse ornare consequat lectus in est risus auctor sed tristique in', 'nisi venenatis tristique fusce congue diam id ornare imperdiet sapien urna pretium nisl ut volutpat', 84, 28, 98, 'Kilometer', 58, 'Ton');
insert into Product (ID, Number, [Name], Stock, [Description], [Type], Height, Width, Depth, MeassureUnit, [Weight], WeightUnit) values ('d9eaf48a-1605-44d2-9c2b-95779215bd79', '24236-577', 'Pork - Belly Fresh', 401, 'a nibh in quis justo maecenas rhoncus aliquam lacus morbi quis tortor id nulla ultrices aliquet maecenas leo odio condimentum id luctus nec molestie sed justo pellentesque viverra pede ac diam cras pellentesque volutpat dui maecenas tristique est et tempus semper est quam pharetra magna ac consequat metus sapien ut nunc vestibulum ante ipsum primis in faucibus orci luctus et ultrices posuere cubilia curae mauris viverra', 'sapien cursus vestibulum proin eu mi nulla ac enim in tempor turpis nec', 1, 15, 40, 'Feet', 42, 'Ton');
insert into Product (ID, Number, [Name], Stock, [Description], [Type], Height, Width, Depth, MeassureUnit, [Weight], WeightUnit) values ('94e59078-f445-4fc7-8373-b3383ce95312', '52682-041', 'Aspic - Amber', 250, 'ante ipsum primis in faucibus orci luctus et ultrices posuere cubilia', 'sodales sed tincidunt eu felis fusce posuere felis sed lacus morbi sem mauris laoreet ut rhoncus aliquet', 6, 1, 72, 'Inch', 44, 'Pound');
insert into Product (ID, Number, [Name], Stock, [Description], [Type], Height, Width, Depth, MeassureUnit, [Weight], WeightUnit) values ('a4a5a859-0c54-40e3-928f-c1dcae741c7d', '0268-0959', 'Beans - Black Bean, Preserved', 443, 'sapien iaculis congue vivamus metus arcu adipiscing molestie hendrerit at vulputate vitae nisl aenean lectus pellentesque eget nunc donec quis orci eget orci vehicula condimentum curabitur in libero ut massa volutpat convallis morbi odio odio elementum eu interdum eu tincidunt in leo maecenas pulvinar lobortis est phasellus sit amet erat nulla tempus vivamus in felis eu sapien cursus vestibulum proin eu mi nulla ac', 'elementum ligula vehicula consequat morbi a ipsum integer a nibh in quis justo maecenas', 80, 50, 14, 'MicroMeter', 96, 'Gram');
insert into Product (ID, Number, [Name], Stock, [Description], [Type], Height, Width, Depth, MeassureUnit, [Weight], WeightUnit) values ('f4380677-2b56-4d09-92bb-03685cdad122', '49035-812', 'Clam Nectar', 428, 'condimentum curabitur in libero ut massa volutpat convallis morbi odio odio elementum eu interdum eu tincidunt in leo maecenas pulvinar lobortis est phasellus sit amet erat nulla tempus vivamus in felis eu sapien cursus vestibulum proin eu mi nulla ac enim in tempor turpis nec euismod scelerisque quam turpis adipiscing lorem vitae mattis nibh ligula nec sem duis aliquam convallis nunc proin', 'ultrices posuere cubilia curae nulla dapibus dolor vel', 70, 81, 26, 'Meter', 33, 'Kilo');
insert into Product (ID, Number, [Name], Stock, [Description], [Type], Height, Width, Depth, MeassureUnit, [Weight], WeightUnit) values ('d269c5a1-5949-4bed-b325-56d1fcfa99cf', '52125-620', 'Coffee - Almond Amaretto', 474, 'penatibus et magnis dis parturient montes nascetur ridiculus mus etiam vel augue', 'mi pede malesuada in imperdiet', 79, 93, 94, 'Meter', 41, 'Gram');
insert into Product (ID, Number, [Name], Stock, [Description], [Type], Height, Width, Depth, MeassureUnit, [Weight], WeightUnit) values ('c8149245-650c-4d0f-8149-55dea4204ae5', '59088-120', 'Peas Snow', 438, 'condimentum id luctus nec molestie sed justo pellentesque viverra pede ac diam cras pellentesque volutpat dui maecenas tristique est et tempus semper est quam pharetra magna ac consequat metus sapien ut nunc vestibulum ante ipsum primis in faucibus orci luctus et ultrices posuere cubilia curae mauris viverra diam vitae quam suspendisse potenti nullam porttitor lacus at turpis donec posuere metus vitae ipsum aliquam non mauris morbi non lectus aliquam sit amet diam in magna bibendum imperdiet nullam orci pede venenatis non sodales sed tincidunt eu felis fusce posuere', 'in faucibus orci luctus et ultrices posuere cubilia curae duis faucibus accumsan odio', 20, 64, 86, 'Millimeter', 2, 'Gram');

--Store
insert into Store (ID, Number, [Name], AddressID, DistrictID) values ('ce452437-69e7-4591-9d29-e333c69f471f', '14783-109', 'Lebsack and Sons', 'cace56d8-6ce0-45f0-aa08-0da11e55fb75', '5dcd2c5a-d895-4780-a76a-d777bedd65e9');
insert into Store (ID, Number, [Name], AddressID, DistrictID) values ('d3f04870-fa59-4280-af88-719dce96b840', '63629-1679', 'Ruecker-Kovacek', '51eee554-f603-4fc2-bef3-0c44983446d1', '5dcd2c5a-d895-4780-a76a-d777bedd65e9');
insert into Store (ID, Number, [Name], AddressID, DistrictID) values ('532a4971-aef9-423b-8fbd-2bbd842c8de6', '68084-449', 'Corkery, Smitham and Dickens', '3e9c93bf-667f-4d0a-926b-9f8d2ded30c6', '63ebfd46-b94d-4067-8c93-2c16fec7e183');
insert into Store (ID, Number, [Name], AddressID, DistrictID) values ('aeef81f5-409b-4f11-bf58-371528b53ee0', '34645-4002', 'Sporer Inc', '53ff3d13-a43d-4a24-b1ff-693d93d91a19', '59b62ba8-b324-4874-a898-adf2dbe402da');
insert into Store (ID, Number, [Name], AddressID, DistrictID) values ('8f236929-8aec-4456-8e7a-9369c2d42095', '0074-4339', 'Nienow LLC', 'dd9fb0a1-da90-4e5b-9f0b-0251566ee8fe', 'd73a874c-fea9-472f-9c17-9acd73f04769');

--Order
insert into [Order] (ID, OrderDate, StoreID, SalesmanID) values ('ce452437-69e7-4591-9d29-e333c69f471f', '2020-01-08T23:58:34Z', 'ce452437-69e7-4591-9d29-e333c69f471f', 'dd82b17c-e5eb-4a87-bdab-fc9cd5c56346');
insert into [Order] (ID, OrderDate, StoreID, SalesmanID) values ('dadccc32-d091-4ddc-80ef-af4d18bfa9a0', '2020-08-30T05:32:45Z', 'd3f04870-fa59-4280-af88-719dce96b840', 'dd82b17c-e5eb-4a87-bdab-fc9cd5c56346');
insert into [Order] (ID, OrderDate, StoreID, SalesmanID) values ('328e6b97-5cc4-4f74-a3c1-62c61eab5d47', '2019-12-08T08:44:31Z', '532a4971-aef9-423b-8fbd-2bbd842c8de6', 'ce5af844-53d9-4ee8-a1e8-cfd77a4d8467');
insert into [Order] (ID, OrderDate, StoreID, SalesmanID) values ('8651d501-9531-43aa-889d-ceefbb30ab15', '2019-11-20T09:32:29Z', '8f236929-8aec-4456-8e7a-9369c2d42095', '3a17f6c2-3523-4c4b-bb83-eb6c6f0c076f');
insert into [Order] (ID, OrderDate, StoreID, SalesmanID) values ('ef03b32a-ff11-4fe7-a6af-22b166b3d6cd', '2020-09-13T01:44:40Z', 'aeef81f5-409b-4f11-bf58-371528b53ee0', 'eeda4af7-5421-4926-9552-cb68a1b1f826');

--OrderProduct
insert into OrderProduct (ID, Quantity, DeliveryDate, ProductID, OrderID) values ('35b96838-d797-41c2-a206-feb4e1a3d17d', 96, '2020-02-26T04:30:48Z', 'b71c7a7a-f17c-4a46-b5f9-28323a202d3b', 'ce452437-69e7-4591-9d29-e333c69f471f');
insert into OrderProduct (ID, Quantity, DeliveryDate, ProductID, OrderID) values ('d26a12a9-8598-444f-bc61-f3459e3cd2e1', 22, '2020-09-02T19:01:39Z', '819ded7a-8e8d-4f3f-bc8e-819fe200c743', 'ce452437-69e7-4591-9d29-e333c69f471f');
insert into OrderProduct (ID, Quantity, DeliveryDate, ProductID, OrderID) values ('ab9ae81b-b967-4503-b57c-9129a5347b35', 16, '2019-10-23T06:31:13Z', '18c67343-77e8-425e-8e00-247484891b55', 'ce452437-69e7-4591-9d29-e333c69f471f');
insert into OrderProduct (ID, Quantity, DeliveryDate, ProductID, OrderID) values ('d1239cab-12d6-40ea-81bd-471b6634fed0', 22, '2019-12-21T23:53:26Z', 'b71c7a7a-f17c-4a46-b5f9-28323a202d3b', 'dadccc32-d091-4ddc-80ef-af4d18bfa9a0');
insert into OrderProduct (ID, Quantity, DeliveryDate, ProductID, OrderID) values ('3bc5314a-72bb-48db-8df2-1e781e791c06', 36, '2020-08-16T14:33:39Z', '819ded7a-8e8d-4f3f-bc8e-819fe200c743', 'dadccc32-d091-4ddc-80ef-af4d18bfa9a0');
insert into OrderProduct (ID, Quantity, DeliveryDate, ProductID, OrderID) values ('e4d9f363-65ef-4510-b1d9-045d87b87a71', 35, '2020-06-24T03:10:05Z', '18c67343-77e8-425e-8e00-247484891b55', 'dadccc32-d091-4ddc-80ef-af4d18bfa9a0');
insert into OrderProduct (ID, Quantity, DeliveryDate, ProductID, OrderID) values ('d197fb43-ecb6-4900-bd39-19ee9d113cec', 84, '2020-07-28T15:59:41Z', 'b71c7a7a-f17c-4a46-b5f9-28323a202d3b', '328e6b97-5cc4-4f74-a3c1-62c61eab5d47');
insert into OrderProduct (ID, Quantity, DeliveryDate, ProductID, OrderID) values ('ce4cec6f-4dcd-4d7d-81f2-076f12c3c0ae', 70, '2020-09-23T09:13:55Z', '819ded7a-8e8d-4f3f-bc8e-819fe200c743', '328e6b97-5cc4-4f74-a3c1-62c61eab5d47');
insert into OrderProduct (ID, Quantity, DeliveryDate, ProductID, OrderID) values ('72e4ad56-9f9b-4991-93b8-a8bcb6dfcc68', 59, '2020-07-04T18:45:32Z', '18c67343-77e8-425e-8e00-247484891b55', '328e6b97-5cc4-4f74-a3c1-62c61eab5d47');
insert into OrderProduct (ID, Quantity, DeliveryDate, ProductID, OrderID) values ('a6519bfe-eae2-49b7-a806-67a78fae1b13', 45, '2020-01-04T12:08:45Z', '0ad36504-f0bf-4e69-9672-f6ec20c7bbd2', '328e6b97-5cc4-4f74-a3c1-62c61eab5d47');
insert into OrderProduct (ID, Quantity, DeliveryDate, ProductID, OrderID) values ('8a2d2479-ad24-4ceb-8502-3ecfd8262d88', 59, '2020-08-18T14:58:11Z', 'd9eaf48a-1605-44d2-9c2b-95779215bd79', '328e6b97-5cc4-4f74-a3c1-62c61eab5d47');
insert into OrderProduct (ID, Quantity, DeliveryDate, ProductID, OrderID) values ('8bba493f-53e9-4d9e-a28a-94c94b4ee993', 14, '2020-04-18T13:34:25Z', '94e59078-f445-4fc7-8373-b3383ce95312', '328e6b97-5cc4-4f74-a3c1-62c61eab5d47');
insert into OrderProduct (ID, Quantity, DeliveryDate, ProductID, OrderID) values ('9425f0cc-ec8a-4f42-bda0-0111e26f3c9c', 12, '2020-01-10T17:37:46Z', 'a4a5a859-0c54-40e3-928f-c1dcae741c7d', '328e6b97-5cc4-4f74-a3c1-62c61eab5d47');
insert into OrderProduct (ID, Quantity, DeliveryDate, ProductID, OrderID) values ('f66474f4-44e9-42cd-88b0-97179baa1784', 60, '2020-08-01T23:17:38Z', 'f4380677-2b56-4d09-92bb-03685cdad122', '328e6b97-5cc4-4f74-a3c1-62c61eab5d47');
insert into OrderProduct (ID, Quantity, DeliveryDate, ProductID, OrderID) values ('47a29588-3eb0-4207-92c2-d37aad9196de', 4, '2019-11-26T17:04:03Z', 'b71c7a7a-f17c-4a46-b5f9-28323a202d3b', '8651d501-9531-43aa-889d-ceefbb30ab15');
insert into OrderProduct (ID, Quantity, DeliveryDate, ProductID, OrderID) values ('550fbd88-3150-4691-af47-6633c2ca0701', 56, '2020-06-15T20:55:45Z', '819ded7a-8e8d-4f3f-bc8e-819fe200c743', '8651d501-9531-43aa-889d-ceefbb30ab15');
insert into OrderProduct (ID, Quantity, DeliveryDate, ProductID, OrderID) values ('e78db28a-496e-4943-b552-d230aca8767c', 30, '2020-07-09T17:59:50Z', '18c67343-77e8-425e-8e00-247484891b55', '8651d501-9531-43aa-889d-ceefbb30ab15');
insert into OrderProduct (ID, Quantity, DeliveryDate, ProductID, OrderID) values ('2709e73c-caf0-4671-9bd7-c1c7519bb5e9', 41, '2020-01-25T21:53:30Z', 'd269c5a1-5949-4bed-b325-56d1fcfa99cf', '8651d501-9531-43aa-889d-ceefbb30ab15');
insert into OrderProduct (ID, Quantity, DeliveryDate, ProductID, OrderID) values ('e3f43133-8f7c-4029-9c63-1d4a4df4022f', 25, '2020-04-25T16:41:52Z', '819ded7a-8e8d-4f3f-bc8e-819fe200c743', 'ef03b32a-ff11-4fe7-a6af-22b166b3d6cd');
insert into OrderProduct (ID, Quantity, DeliveryDate, ProductID, OrderID) values ('01b520fe-5d5b-48f2-9931-375d466623a0', 53, '2020-02-02T19:58:54Z', '18c67343-77e8-425e-8e00-247484891b55', 'ef03b32a-ff11-4fe7-a6af-22b166b3d6cd');